{"count":1,"self":38.282399999999996,"total":20873.440379199998,"children":{"AgentResetIfDone":{"count":19617,"self":0.2077368,"total":0.2077368,"children":null},"AgentSendState":{"count":19617,"self":1.9289648,"total":2.8087242999999997,"children":{"CollectObservations":{"count":156936,"self":0.8797596,"total":0.8797596,"children":null}}},"DecideAction":{"count":19617,"self":20277.6838144,"total":20830.4880513,"children":{"AgentInfo.ToProto":{"count":19617,"self":11.3902856,"total":552.8047292,"children":{"RenderTexSensor.GetCompressedObservation":{"count":156936,"self":534.9966336,"total":534.9966588,"children":null},"RayPerceptionSensor.Perceive":{"count":156936,"self":6.4177848,"total":6.4177848,"children":null}}}}},"AcademyStep":{"count":19617,"self":0.0988336,"total":0.0988336,"children":null},"AgentAct":{"count":19617,"self":1.5506403,"total":1.5506403,"children":null}}}