{"count":1,"self":0.2539222,"total":11.702338,"children":{"AgentResetIfDone":{"count":126,"self":0.0019592,"total":0.0019592,"children":null},"AgentSendState":{"count":126,"self":0.0032984,"total":0.0053019,"children":{"CollectObservations":{"count":630,"self":0.0020035,"total":0.0020035,"children":null}}},"DecideAction":{"count":126,"self":10.540385599999999,"total":11.4351373,"children":{"AgentInfo.ToProto":{"count":126,"self":0.0352107,"total":0.89475189999999993,"children":{"RenderTexSensor.GetCompressedObservation":{"count":630,"self":0.83739789999999992,"total":0.83739789999999992,"children":null},"RayPerceptionSensor.Perceive":{"count":630,"self":0.022143299999999998,"total":0.022143299999999998,"children":null}}}}},"AcademyStep":{"count":126,"self":0,"total":0,"children":null},"AgentAct":{"count":126,"self":0.0040228,"total":0.0040228,"children":null}}}