{"count":1,"self":44.9605888,"total":8050.3446891999993,"children":{"AgentResetIfDone":{"count":76809,"self":0.3467849,"total":0.3467849,"children":null},"AgentSendState":{"count":76809,"self":1.7954253999999998,"total":2.9751569,"children":{"CollectObservations":{"count":384045,"self":1.1797315,"total":1.1797315,"children":null}}},"DecideAction":{"count":76809,"self":7426.60096,"total":7999.0239899,"children":{"AgentInfo.ToProto":{"count":76809,"self":18.351046399999998,"total":572.422945,"children":{"RenderTexSensor.GetCompressedObservation":{"count":384045,"self":541.7959936,"total":541.7959923,"children":null},"RayPerceptionSensor.Perceive":{"count":384045,"self":12.275907199999999,"total":12.2759071,"children":null}}}}},"AcademyStep":{"count":76809,"self":0.24441729999999998,"total":0.24441729999999998,"children":null},"AgentAct":{"count":76809,"self":2.7907602,"total":2.7907602,"children":null}}}