{"count":1,"self":272.2479616,"total":93007.035294299989,"children":{"AgentResetIfDone":{"count":500017,"self":2.1897759999999997,"total":2.1897761,"children":null},"AgentSendState":{"count":500017,"self":17.4996096,"total":30.3164455,"children":{"CollectObservations":{"count":5000170,"self":12.816835999999999,"total":12.816835699999999,"children":null}}},"DecideAction":{"count":500017,"self":81479.4276864,"total":92680.1072399,"children":{"AgentInfo.ToProto":{"count":500017,"self":54.6488192,"total":11200.680491899999,"children":{"CameraSensor.GetCompressedObservation":{"count":5000170,"self":11146.0319232,"total":11146.031674099999,"children":null}}}}},"AcademyStep":{"count":500017,"self":1.4747337999999999,"total":1.4747337999999999,"children":null},"AgentAct":{"count":500017,"self":20.695147199999997,"total":20.695146899999997,"children":null}}}