{"count":1,"self":8.9580592,"total":1593.1480632,"children":{"AgentResetIfDone":{"count":15501,"self":0.060764599999999995,"total":0.060764599999999995,"children":null},"AgentSendState":{"count":15501,"self":0.3897892,"total":0.6021291,"children":{"CollectObservations":{"count":77505,"self":0.2123399,"total":0.2123399,"children":null}}},"DecideAction":{"count":15501,"self":1469.9508736,"total":1582.9148793,"children":{"AgentInfo.ToProto":{"count":15501,"self":3.9797607999999998,"total":112.9639574,"children":{"RenderTexSensor.GetCompressedObservation":{"count":77505,"self":106.64762879999999,"total":106.64763049999999,"children":null},"RayPerceptionSensor.Perceive":{"count":77505,"self":2.336566,"total":2.3365659,"children":null}}}}},"AcademyStep":{"count":15501,"self":0.0468674,"total":0.0468674,"children":null},"AgentAct":{"count":15501,"self":0.5633686,"total":0.5633686,"children":null}}}