{"count":1,"self":0.3636734,"total":14.6533918,"children":{"AgentResetIfDone":{"count":126,"self":0.0019497,"total":0.0019497,"children":null},"AgentSendState":{"count":126,"self":0.0069197999999999994,"total":0.010841799999999999,"children":{"CollectObservations":{"count":1890,"self":0.003922,"total":0.003922,"children":null}}},"DecideAction":{"count":126,"self":12.7245232,"total":14.265967499999999,"children":{"AgentInfo.ToProto":{"count":126,"self":0.0619044,"total":1.541444,"children":{"RenderTexSensor.GetCompressedObservation":{"count":1890,"self":1.4156183,"total":1.4156183,"children":null},"RayPerceptionSensor.Perceive":{"count":1890,"self":0.0639213,"total":0.0639213,"children":null}}}}},"AcademyStep":{"count":126,"self":0,"total":0,"children":null},"AgentAct":{"count":126,"self":0.0089310999999999991,"total":0.0089310999999999991,"children":null}}}